paper_id,label
0,Agents
1,ML
2,IR
3,Agents
4,Agents
5,Agents
6,DB
7,IR
8,DB
9,Agents
10,DB
11,ML
12,HCI
13,HCI
14,ML
15,DB
16,IR
17,IR
18,DB
19,DB
20,IR
21,HCI
22,ML
23,HCI
24,DB
25,ML
26,HCI
27,Agents
28,Agents
29,DB
30,DB
31,HCI
32,IR
33,ML
34,HCI
35,DB
36,IR
37,Agents
38,ML
39,IR
40,DB
41,HCI
42,IR
43,ML
44,DB
45,HCI
46,ML
47,ML
48,HCI
49,Agents
50,Agents
51,Agents
52,IR
53,ML
54,DB
55,DB
56,ML
57,DB
58,IR
59,HCI
60,IR
61,Agents
62,DB
63,ML
64,ML
65,DB
66,HCI
67,DB
68,HCI
69,HCI
70,DB
71,DB
72,DB
73,ML
74,HCI
75,AI
76,AI
77,DB
78,DB
79,HCI
80,DB
81,Agents
82,ML
83,DB
84,Agents
85,AI
86,Agents
87,IR
88,IR
89,AI
90,ML
91,IR
92,HCI
93,Agents
94,DB
95,IR
96,HCI
97,HCI
98,DB
99,HCI
100,ML
101,ML
102,Agents
103,ML
104,DB
105,DB
106,Agents
107,AI
108,DB
109,HCI
110,ML
111,Agents
112,Agents
113,IR
114,HCI
115,Agents
116,IR
117,Agents
118,IR
119,IR
120,HCI
121,HCI
122,HCI
123,DB
124,IR
125,DB
126,DB
127,ML
128,DB
129,ML
130,IR
131,DB
132,Agents
133,IR
134,ML
135,ML
136,DB
137,ML
138,HCI
139,DB
140,HCI
141,IR
142,ML
143,HCI
144,ML
145,DB
146,Agents
147,ML
148,DB
149,ML
150,Agents
151,HCI
152,HCI
153,DB
154,AI
155,HCI
156,IR
157,ML
158,AI
159,IR
160,Agents
161,DB
162,DB
163,ML
164,IR
165,IR
166,IR
167,ML
168,ML
169,Agents
170,Agents
171,HCI
172,HCI
173,Agents
174,DB
175,Agents
176,DB
177,AI
178,DB
179,ML
180,IR
181,HCI
182,DB
183,DB
184,IR
185,Agents
186,IR
187,HCI
188,ML
189,AI
190,IR
191,ML
192,AI
193,IR
194,ML
195,ML
196,HCI
197,ML
198,Agents
199,Agents
200,HCI
201,DB
202,ML
203,HCI
204,DB
205,ML
206,DB
207,DB
208,IR
209,ML
210,AI
211,DB
212,ML
213,ML
214,Agents
215,ML
216,DB
217,HCI
218,DB
219,AI
220,IR
221,Agents
222,DB
223,Agents
224,IR
225,ML
226,DB
227,ML
228,DB
229,Agents
230,DB
231,Agents
232,ML
233,DB
234,Agents
235,Agents
236,HCI
237,ML
238,DB
239,Agents
240,Agents
241,HCI
242,DB
243,ML
244,ML
245,Agents
246,HCI
247,DB
248,HCI
249,HCI
250,AI
251,Agents
252,DB
253,DB
254,DB
255,IR
256,IR
257,HCI
258,HCI
259,ML
260,Agents
261,HCI
262,DB
263,IR
264,ML
265,ML
266,ML
267,ML
268,DB
269,HCI
270,IR
271,ML
272,IR
273,AI
274,DB
275,Agents
276,IR
277,ML
278,Agents
279,DB
280,DB
281,AI
282,DB
283,HCI
284,IR
285,DB
286,Agents
287,AI
288,IR
289,HCI
290,HCI
291,ML
292,DB
293,HCI
294,AI
295,DB
296,IR
297,AI
298,IR
299,IR
300,ML
301,IR
302,IR
303,Agents
304,Agents
305,ML
306,ML
307,DB
308,HCI
309,DB
310,HCI
311,HCI
312,ML
313,Agents
314,DB
315,ML
316,ML
317,ML
318,AI
319,HCI
320,Agents
321,Agents
322,IR
323,IR
324,HCI
325,ML
326,DB
327,DB
328,DB
329,DB
330,HCI
331,DB
332,HCI
333,IR
334,IR
335,ML
336,ML
337,AI
338,IR
339,ML
340,DB
341,DB
342,ML
343,ML
344,DB
345,DB
346,AI
347,IR
348,HCI
349,IR
350,Agents
351,ML
352,DB
353,Agents
354,ML
355,ML
356,IR
357,Agents
358,DB
359,HCI
360,AI
361,Agents
362,DB
363,AI
364,IR
365,HCI
366,HCI
367,ML
368,IR
369,ML
370,IR
371,IR
372,HCI
373,DB
374,Agents
375,ML
376,DB
377,ML
378,IR
379,DB
380,HCI
381,DB
382,DB
383,DB
384,HCI
385,IR
386,HCI
387,IR
388,HCI
389,DB
390,IR
391,Agents
392,DB
393,HCI
394,HCI
395,Agents
396,ML
397,DB
398,ML
399,IR
400,Agents
401,ML
402,ML
403,Agents
404,Agents
405,ML
406,HCI
407,IR
408,AI
409,IR
410,ML
411,AI
412,HCI
413,IR
414,HCI
415,DB
416,DB
417,AI
418,DB
419,ML
420,DB
421,HCI
422,HCI
423,ML
424,Agents
425,DB
426,IR
427,HCI
428,ML
429,HCI
430,IR
431,IR
432,DB
433,IR
434,IR
435,IR
436,DB
437,AI
438,Agents
439,IR
440,DB
441,DB
442,ML
443,DB
444,DB
445,Agents
446,ML
447,ML
448,DB
449,AI
450,Agents
451,AI
452,DB
453,Agents
454,DB
455,ML
456,DB
457,HCI
458,AI
459,Agents
460,DB
461,DB
462,AI
463,DB
464,DB
465,IR
466,IR
467,DB
468,HCI
469,HCI
470,ML
471,IR
472,ML
473,Agents
474,DB
475,DB
476,Agents
477,IR
478,IR
479,ML
480,HCI
481,HCI
482,HCI
483,DB
484,Agents
485,Agents
486,ML
487,IR
488,IR
489,ML
490,DB
491,Agents
492,DB
493,Agents
494,AI
495,IR
496,Agents
497,HCI
498,ML
499,IR
500,HCI
501,IR
502,ML
503,AI
504,DB
505,IR
506,HCI
507,IR
508,AI
509,Agents
510,AI
511,HCI
512,DB
513,IR
514,IR
515,DB
516,IR
517,HCI
518,IR
519,DB
520,IR
521,IR
522,ML
523,IR
524,IR
525,DB
526,IR
527,AI
528,AI
529,IR
530,ML
531,HCI
532,Agents
533,AI
534,DB
535,IR
536,Agents
537,DB
538,IR
539,DB
540,Agents
541,IR
542,Agents
543,DB
544,IR
545,ML
546,Agents
547,DB
548,ML
549,IR
550,HCI
551,ML
552,HCI
553,IR
554,HCI
555,Agents
556,ML
557,ML
558,HCI
559,ML
560,IR
561,Agents
562,HCI
563,Agents
564,ML
565,IR
566,Agents
567,Agents
568,AI
569,Agents
570,IR
571,HCI
572,ML
573,IR
574,HCI
575,DB
576,IR
577,Agents
578,DB
579,IR
580,Agents
581,IR
582,IR
583,IR
584,ML
585,IR
586,IR
587,IR
588,AI
589,Agents
590,IR
591,HCI
592,IR
593,ML
594,DB
595,DB
596,Agents
597,IR
598,HCI
599,HCI
600,Agents
601,ML
602,DB
603,ML
604,Agents
605,IR
606,Agents
607,DB
608,IR
609,DB
610,DB
611,HCI
612,IR
613,Agents
614,Agents
615,Agents
616,IR
617,AI
618,HCI
619,DB
620,Agents
621,HCI
622,Agents
623,ML
624,AI
625,Agents
626,IR
627,DB
628,HCI
629,IR
630,IR
631,ML
632,DB
633,DB
634,DB
635,HCI
636,ML
637,AI
638,Agents
639,HCI
640,DB
641,AI
642,Agents
643,DB
644,Agents
645,AI
646,Agents
647,IR
648,Agents
649,AI
650,IR
651,DB
652,ML
653,DB
654,Agents
655,DB
656,DB
657,IR
658,DB
659,HCI
660,HCI
661,DB
662,AI
663,IR
664,HCI
665,Agents
666,Agents
667,HCI
668,DB
669,DB
670,ML
671,AI
672,Agents
673,ML
674,Agents
675,HCI
676,IR
677,DB
678,DB
679,DB
680,ML
681,HCI
682,HCI
683,HCI
684,DB
685,Agents
686,Agents
687,DB
688,ML
689,DB
690,ML
691,HCI
692,HCI
693,AI
694,ML
695,Agents
696,HCI
697,IR
698,DB
699,Agents
700,AI
701,Agents
702,IR
703,IR
704,Agents
705,HCI
706,HCI
707,IR
708,HCI
709,HCI
710,IR
711,DB
712,AI
713,ML
714,IR
715,AI
716,AI
717,Agents
718,HCI
719,ML
720,DB
721,IR
722,ML
723,ML
724,ML
725,Agents
726,Agents
727,HCI
728,IR
729,HCI
730,DB
731,DB
732,IR
733,DB
734,ML
735,ML
736,DB
737,IR
738,AI
739,IR
740,DB
741,IR
742,HCI
743,ML
744,ML
745,ML
746,HCI
747,ML
748,ML
749,ML
750,Agents
751,ML
752,DB
753,IR
754,DB
755,Agents
756,AI
757,AI
758,ML
759,IR
760,IR
761,DB
762,HCI
763,DB
764,DB
765,HCI
766,HCI
767,Agents
768,DB
769,ML
770,Agents
771,AI
772,Agents
773,ML
774,Agents
775,HCI
776,Agents
777,Agents
778,AI
779,Agents
780,Agents
781,DB
782,HCI
783,IR
784,AI
785,ML
786,ML
787,HCI
788,IR
789,Agents
790,HCI
791,DB
792,Agents
793,ML
794,AI
795,Agents
796,HCI
797,DB
798,HCI
799,ML
800,DB
801,IR
802,DB
803,DB
804,HCI
805,AI
806,DB
807,Agents
808,Agents
809,ML
810,HCI
811,Agents
812,Agents
813,AI
814,ML
815,IR
816,ML
817,DB
818,ML
819,Agents
820,Agents
821,DB
822,DB
823,DB
824,Agents
825,IR
826,DB
827,Agents
828,HCI
829,Agents
830,IR
831,ML
832,ML
833,ML
834,IR
835,IR
836,ML
837,HCI
838,HCI
839,ML
840,ML
841,AI
842,ML
843,DB
844,DB
845,Agents
846,IR
847,IR
848,IR
849,HCI
850,ML
851,Agents
852,Agents
853,DB
854,HCI
855,IR
856,DB
857,DB
858,ML
859,ML
860,AI
861,DB
862,DB
863,DB
864,AI
865,IR
866,IR
867,Agents
868,IR
869,DB
870,Agents
871,DB
872,DB
873,IR
874,DB
875,IR
876,DB
877,DB
878,IR
879,IR
880,ML
881,Agents
882,IR
883,Agents
884,ML
885,IR
886,DB
887,IR
888,IR
889,ML
890,IR
891,DB
892,ML
893,ML
894,HCI
895,ML
896,ML
897,Agents
898,ML
899,DB
900,HCI
901,IR
902,IR
903,AI
904,IR
905,AI
906,IR
907,DB
908,DB
909,ML
910,DB
911,Agents
912,ML
913,ML
914,Agents
915,Agents
916,AI
917,ML
918,AI
919,ML
920,ML
921,ML
922,ML
923,DB
924,Agents
925,DB
926,ML
927,Agents
928,HCI
929,HCI
930,DB
931,IR
932,ML
933,Agents
934,ML
935,IR
936,DB
937,DB
938,DB
939,HCI
940,Agents
941,AI
942,Agents
943,ML
944,IR
945,DB
946,DB
947,DB
948,DB
949,IR
950,IR
951,ML
952,Agents
953,ML
954,HCI
955,HCI
956,DB
957,Agents
958,ML
959,DB
960,DB
961,ML
962,AI
963,ML
964,ML
965,DB
966,ML
967,ML
968,HCI
969,HCI
970,HCI
971,IR
972,HCI
973,ML
974,HCI
975,DB
976,IR
977,IR
978,Agents
979,ML
980,ML
981,DB
982,IR
983,HCI
984,Agents
985,IR
986,ML
987,DB
988,IR
989,HCI
990,Agents
991,HCI
992,DB
993,IR
994,IR
995,ML
996,Agents
997,Agents
998,ML
999,ML
1000,HCI
1001,Agents
1002,DB
1003,AI
1004,IR
1005,ML
1006,DB
1007,DB
1008,Agents
1009,IR
1010,AI
1011,HCI
1012,Agents
1013,Agents
1014,DB
1015,ML
1016,IR
1017,HCI
1018,DB
1019,Agents
1020,DB
1021,IR
1022,Agents
1023,IR
1024,DB
1025,Agents
1026,IR
1027,HCI
1028,DB
1029,Agents
1030,AI
1031,ML
1032,ML
1033,HCI
1034,DB
1035,Agents
1036,DB
1037,Agents
1038,IR
1039,IR
1040,DB
1041,Agents
1042,HCI
1043,DB
1044,Agents
1045,Agents
1046,IR
1047,DB
1048,IR
1049,Agents
1050,HCI
1051,ML
1052,HCI
1053,AI
1054,Agents
1055,DB
1056,DB
1057,ML
1058,DB
1059,IR
1060,IR
1061,DB
1062,Agents
1063,ML
1064,DB
1065,Agents
1066,ML
1067,DB
1068,DB
1069,IR
1070,IR
1071,HCI
1072,DB
1073,DB
1074,DB
1075,DB
1076,Agents
1077,Agents
1078,DB
1079,Agents
1080,HCI
1081,DB
1082,HCI
1083,HCI
1084,HCI
1085,IR
1086,DB
1087,IR
1088,HCI
1089,DB
1090,IR
1091,IR
1092,HCI
1093,AI
1094,IR
1095,IR
1096,DB
1097,HCI
1098,AI
1099,DB
1100,DB
1101,DB
1102,DB
1103,DB
1104,Agents
1105,IR
1106,ML
1107,Agents
1108,IR
1109,DB
1110,HCI
1111,ML
1112,DB
1113,Agents
1114,IR
1115,AI
1116,DB
1117,IR
1118,Agents
1119,IR
1120,IR
1121,DB
1122,ML
1123,ML
1124,ML
1125,IR
1126,ML
1127,DB
1128,IR
1129,Agents
1130,ML
1131,DB
1132,ML
1133,ML
1134,IR
1135,IR
1136,IR
1137,AI
1138,ML
1139,Agents
1140,IR
1141,HCI
1142,ML
1143,Agents
1144,DB
1145,Agents
1146,IR
1147,DB
1148,HCI
1149,Agents
1150,IR
1151,Agents
1152,IR
1153,DB
1154,IR
1155,Agents
1156,HCI
1157,Agents
1158,Agents
1159,IR
1160,ML
1161,IR
1162,Agents
1163,Agents
1164,IR
1165,HCI
1166,Agents
1167,IR
1168,DB
1169,DB
1170,IR
1171,IR
1172,Agents
1173,Agents
1174,AI
1175,DB
1176,IR
1177,DB
1178,ML
1179,DB
1180,ML
1181,DB
1182,DB
1183,DB
1184,DB
1185,DB
1186,HCI
1187,DB
1188,DB
1189,IR
1190,AI
1191,ML
1192,Agents
1193,IR
1194,IR
1195,DB
1196,DB
1197,ML
1198,AI
1199,ML
1200,DB
1201,IR
1202,IR
1203,ML
1204,HCI
1205,Agents
1206,ML
1207,HCI
1208,AI
1209,Agents
1210,Agents
1211,IR
1212,Agents
1213,AI
1214,DB
1215,IR
1216,Agents
1217,DB
1218,HCI
1219,DB
1220,HCI
1221,Agents
1222,DB
1223,Agents
1224,DB
1225,Agents
1226,IR
1227,HCI
1228,DB
1229,DB
1230,DB
1231,Agents
1232,Agents
1233,ML
1234,IR
1235,IR
1236,DB
1237,DB
1238,DB
1239,HCI
1240,AI
1241,IR
1242,DB
1243,ML
1244,AI
1245,ML
1246,Agents
1247,IR
1248,IR
1249,DB
1250,DB
1251,HCI
1252,DB
1253,AI
1254,DB
1255,DB
1256,DB
1257,IR
1258,Agents
1259,HCI
1260,Agents
1261,HCI
1262,ML
1263,ML
1264,ML
1265,IR
1266,HCI
1267,ML
1268,AI
1269,IR
1270,DB
1271,DB
1272,Agents
1273,Agents
1274,ML
1275,Agents
1276,HCI
1277,DB
1278,DB
1279,ML
1280,IR
1281,DB
1282,Agents
1283,DB
1284,ML
1285,Agents
1286,ML
1287,IR
1288,ML
1289,Agents
1290,ML
1291,Agents
1292,AI
1293,ML
1294,IR
1295,IR
1296,IR
1297,Agents
1298,DB
1299,ML
1300,ML
1301,ML
1302,HCI
1303,DB
1304,HCI
1305,Agents
1306,AI
1307,IR
1308,IR
1309,Agents
1310,Agents
1311,DB
1312,IR
1313,HCI
1314,AI
1315,IR
1316,DB
1317,Agents
1318,DB
1319,IR
1320,Agents
1321,IR
1322,IR
1323,Agents
1324,ML
1325,DB
1326,IR
1327,HCI
1328,ML
1329,Agents
1330,AI
1331,HCI
1332,HCI
1333,ML
1334,Agents
1335,AI
1336,HCI
1337,Agents
1338,DB
1339,Agents
1340,Agents
1341,DB
1342,AI
1343,DB
1344,Agents
1345,ML
1346,Agents
1347,AI
1348,Agents
1349,HCI
1350,ML
1351,DB
1352,IR
1353,IR
1354,ML
1355,DB
1356,DB
1357,IR
1358,Agents
1359,ML
1360,IR
1361,IR
1362,HCI
1363,IR
1364,HCI
1365,Agents
1366,IR
1367,Agents
1368,IR
1369,Agents
1370,Agents
1371,AI
1372,IR
1373,DB
1374,IR
1375,IR
1376,IR
1377,IR
1378,ML
1379,DB
1380,Agents
1381,DB
1382,HCI
1383,HCI
1384,ML
1385,ML
1386,IR
1387,DB
1388,ML
1389,ML
1390,Agents
1391,AI
1392,IR
1393,IR
1394,IR
1395,DB
1396,DB
1397,HCI
1398,IR
1399,AI
1400,ML
1401,HCI
1402,ML
1403,ML
1404,ML
1405,IR
1406,IR
1407,DB
1408,DB
1409,Agents
1410,DB
1411,ML
1412,ML
1413,HCI
1414,Agents
1415,IR
1416,AI
1417,AI
1418,Agents
1419,ML
1420,ML
1421,Agents
1422,DB
1423,Agents
1424,ML
1425,Agents
1426,DB
1427,HCI
1428,Agents
1429,ML
1430,DB
1431,IR
1432,IR
1433,HCI
1434,HCI
1435,HCI
1436,IR
1437,DB
1438,ML
1439,IR
1440,IR
1441,DB
1442,DB
1443,DB
1444,IR
1445,IR
1446,ML
1447,ML
1448,ML
1449,DB
1450,DB
1451,ML
1452,IR
1453,DB
1454,HCI
1455,IR
1456,IR
1457,Agents
1458,AI
1459,Agents
1460,DB
1461,ML
1462,IR
1463,DB
1464,HCI
1465,IR
1466,IR
1467,ML
1468,DB
1469,HCI
1470,IR
1471,IR
1472,HCI
1473,ML
1474,AI
1475,Agents
1476,Agents
1477,ML
1478,IR
1479,ML
1480,Agents
1481,DB
1482,DB
1483,HCI
1484,AI
1485,IR
1486,DB
1487,ML
1488,HCI
1489,ML
1490,ML
1491,HCI
1492,HCI
1493,DB
1494,Agents
1495,IR
1496,HCI
1497,HCI
1498,HCI
1499,IR
1500,HCI
1501,Agents
1502,Agents
1503,IR
1504,Agents
1505,HCI
1506,AI
1507,HCI
1508,Agents
1509,ML
1510,IR
1511,HCI
1512,IR
1513,DB
1514,HCI
1515,Agents
1516,ML
1517,HCI
1518,ML
1519,DB
1520,DB
1521,DB
1522,ML
1523,ML
1524,IR
1525,IR
1526,ML
1527,IR
1528,ML
1529,IR
1530,HCI
1531,ML
1532,IR
1533,IR
1534,Agents
1535,IR
1536,DB
1537,DB
1538,Agents
1539,Agents
1540,HCI
1541,DB
1542,DB
1543,IR
1544,AI
1545,IR
1546,IR
1547,IR
1548,Agents
1549,DB
1550,DB
1551,Agents
1552,Agents
1553,Agents
1554,ML
1555,IR
1556,HCI
1557,HCI
1558,IR
1559,IR
1560,AI
1561,Agents
1562,HCI
1563,Agents
1564,ML
1565,ML
1566,DB
1567,IR
1568,AI
1569,ML
1570,ML
1571,ML
1572,IR
1573,AI
1574,Agents
1575,DB
1576,DB
1577,IR
1578,HCI
1579,IR
1580,Agents
1581,DB
1582,DB
1583,Agents
1584,HCI
1585,HCI
1586,DB
1587,HCI
1588,HCI
1589,ML
1590,ML
1591,IR
1592,ML
1593,AI
1594,HCI
1595,IR
1596,AI
1597,IR
1598,HCI
1599,DB
1600,DB
1601,ML
1602,DB
1603,ML
1604,Agents
1605,Agents
1606,Agents
1607,ML
1608,IR
1609,IR
1610,HCI
1611,HCI
1612,DB
1613,HCI
1614,Agents
1615,DB
1616,Agents
1617,Agents
1618,HCI
1619,HCI
1620,Agents
1621,IR
1622,AI
1623,IR
1624,DB
1625,DB
1626,IR
1627,IR
1628,Agents
1629,Agents
1630,AI
1631,ML
1632,AI
1633,HCI
1634,HCI
1635,DB
1636,ML
1637,AI
1638,DB
1639,HCI
1640,IR
1641,IR
1642,IR
1643,DB
1644,ML
1645,HCI
1646,DB
1647,ML
1648,DB
1649,HCI
1650,DB
1651,HCI
1652,ML
1653,HCI
1654,HCI
1655,DB
1656,ML
1657,HCI
1658,Agents
1659,HCI
1660,DB
1661,DB
1662,Agents
1663,DB
1664,Agents
1665,Agents
1666,HCI
1667,DB
1668,DB
1669,DB
1670,DB
1671,HCI
1672,DB
1673,ML
1674,DB
1675,ML
1676,IR
1677,IR
1678,ML
1679,ML
1680,Agents
1681,Agents
1682,Agents
1683,IR
1684,ML
1685,Agents
1686,DB
1687,HCI
1688,HCI
1689,Agents
1690,IR
1691,DB
1692,HCI
1693,Agents
1694,DB
1695,Agents
1696,IR
1697,Agents
1698,IR
1699,HCI
1700,DB
1701,DB
1702,HCI
1703,HCI
1704,AI
1705,DB
1706,DB
1707,ML
1708,ML
1709,AI
1710,Agents
1711,IR
1712,HCI
1713,HCI
1714,DB
1715,IR
1716,Agents
1717,ML
1718,IR
1719,HCI
1720,DB
1721,HCI
1722,Agents
1723,Agents
1724,Agents
1725,Agents
1726,IR
1727,ML
1728,ML
1729,HCI
1730,AI
1731,HCI
1732,ML
1733,HCI
1734,HCI
1735,DB
1736,AI
1737,ML
1738,Agents
1739,HCI
1740,HCI
1741,ML
1742,HCI
1743,HCI
1744,DB
1745,ML
1746,IR
1747,HCI
1748,HCI
1749,Agents
1750,DB
1751,Agents
1752,HCI
1753,IR
1754,IR
1755,IR
1756,ML
1757,HCI
1758,Agents
1759,Agents
1760,DB
1761,HCI
1762,HCI
1763,ML
1764,ML
1765,ML
1766,DB
1767,IR
1768,Agents
1769,HCI
1770,HCI
1771,DB
1772,HCI
1773,IR
1774,Agents
1775,ML
1776,HCI
1777,DB
1778,HCI
1779,DB
1780,HCI
1781,HCI
1782,IR
1783,ML
1784,IR
1785,Agents
1786,DB
1787,DB
1788,ML
1789,AI
1790,DB
1791,IR
1792,IR
1793,HCI
1794,IR
1795,Agents
1796,DB
1797,DB
1798,IR
1799,Agents
1800,AI
1801,DB
1802,HCI
1803,DB
1804,IR
1805,HCI
1806,AI
1807,ML
1808,ML
1809,HCI
1810,HCI
1811,IR
1812,Agents
1813,ML
1814,IR
1815,IR
1816,ML
1817,Agents
1818,DB
1819,DB
1820,HCI
1821,IR
1822,DB
1823,IR
1824,IR
1825,HCI
1826,IR
1827,IR
1828,DB
1829,Agents
1830,ML
1831,ML
1832,AI
1833,DB
1834,HCI
1835,AI
1836,ML
1837,DB
1838,IR
1839,Agents
1840,Agents
1841,HCI
1842,ML
1843,IR
1844,ML
1845,Agents
1846,ML
1847,IR
1848,ML
1849,IR
1850,DB
1851,HCI
1852,DB
1853,HCI
1854,HCI
1855,AI
1856,Agents
1857,IR
1858,IR
1859,HCI
1860,HCI
1861,HCI
1862,Agents
1863,ML
1864,Agents
1865,Agents
1866,IR
1867,Agents
1868,ML
1869,HCI
1870,HCI
1871,ML
1872,HCI
1873,ML
1874,IR
1875,Agents
1876,HCI
1877,DB
1878,Agents
1879,DB
1880,ML
1881,AI
1882,HCI
1883,IR
1884,IR
1885,Agents
1886,ML
1887,AI
1888,IR
1889,ML
1890,ML
1891,IR
1892,HCI
1893,DB
1894,DB
1895,IR
1896,ML
1897,HCI
1898,ML
1899,Agents
1900,HCI
1901,IR
1902,Agents
1903,IR
1904,HCI
1905,HCI
1906,ML
1907,DB
1908,ML
1909,HCI
1910,Agents
1911,ML
1912,IR
1913,DB
1914,ML
1915,ML
1916,ML
1917,HCI
1918,HCI
1919,DB
1920,DB
1921,ML
1922,Agents
1923,Agents
1924,DB
1925,Agents
1926,DB
1927,DB
1928,IR
1929,DB
1930,IR
1931,Agents
1932,HCI
1933,HCI
1934,DB
1935,Agents
1936,AI
1937,IR
1938,HCI
1939,DB
1940,DB
1941,DB
1942,DB
1943,Agents
1944,DB
1945,DB
1946,Agents
1947,IR
1948,DB
1949,ML
1950,DB
1951,Agents
1952,IR
1953,DB
1954,IR
1955,IR
1956,ML
1957,DB
1958,IR
1959,IR
1960,IR
1961,AI
1962,Agents
1963,HCI
1964,Agents
1965,Agents
1966,IR
1967,DB
1968,HCI
1969,HCI
1970,AI
1971,ML
1972,ML
1973,IR
1974,ML
1975,ML
1976,IR
1977,IR
1978,Agents
1979,ML
1980,ML
1981,Agents
1982,DB
1983,HCI
1984,ML
1985,Agents
1986,ML
1987,ML
1988,ML
1989,HCI
1990,HCI
1991,ML
1992,HCI
1993,IR
1994,HCI
1995,DB
1996,DB
1997,ML
1998,Agents
1999,IR
2000,ML
2001,HCI
2002,ML
2003,IR
2004,DB
2005,HCI
2006,ML
2007,IR
2008,HCI
2009,HCI
2010,ML
2011,ML
2012,HCI
2013,ML
2014,HCI
2015,AI
2016,Agents
2017,IR
2018,IR
2019,ML
2020,HCI
2021,Agents
2022,DB
2023,DB
2024,HCI
2025,Agents
2026,HCI
2027,Agents
2028,HCI
2029,IR
2030,Agents
2031,HCI
2032,IR
2033,IR
2034,ML
2035,DB
2036,Agents
2037,DB
2038,IR
2039,DB
2040,HCI
2041,Agents
2042,ML
2043,Agents
2044,ML
2045,Agents
2046,ML
2047,ML
2048,ML
2049,HCI
2050,DB
2051,IR
2052,AI
2053,AI
2054,IR
2055,IR
2056,Agents
2057,IR
2058,Agents
2059,DB
2060,DB
2061,ML
2062,ML
2063,Agents
2064,HCI
2065,ML
2066,ML
2067,ML
2068,IR
2069,HCI
2070,ML
2071,ML
2072,ML
2073,HCI
2074,IR
2075,AI
2076,HCI
2077,AI
2078,ML
2079,ML
2080,DB
2081,AI
2082,HCI
2083,DB
2084,DB
2085,DB
2086,HCI
2087,ML
2088,IR
2089,ML
2090,DB
2091,IR
2092,Agents
2093,HCI
2094,HCI
2095,DB
2096,ML
2097,IR
2098,ML
2099,Agents
2100,ML
2101,ML
2102,HCI
2103,ML
2104,IR
2105,DB
2106,IR
2107,ML
2108,IR
2109,IR
2110,DB
2111,ML
2112,DB
2113,HCI
2114,HCI
2115,Agents
2116,DB
2117,ML
2118,HCI
2119,HCI
2120,DB
2121,DB
2122,AI
2123,IR
2124,ML
2125,ML
2126,ML
2127,HCI
2128,Agents
2129,Agents
2130,ML
2131,DB
2132,IR
2133,IR
2134,AI
2135,IR
2136,AI
2137,HCI
2138,Agents
2139,DB
2140,ML
2141,Agents
2142,AI
2143,HCI
2144,Agents
2145,HCI
2146,Agents
2147,HCI
2148,ML
2149,DB
2150,Agents
2151,IR
2152,Agents
2153,Agents
2154,IR
2155,HCI
2156,DB
2157,ML
2158,HCI
2159,ML
2160,Agents
2161,IR
2162,ML
2163,DB
2164,Agents
2165,DB
2166,HCI
2167,ML
2168,HCI
2169,HCI
2170,Agents
2171,ML
2172,DB
2173,Agents
2174,ML
2175,ML
2176,IR
2177,ML
2178,IR
2179,IR
2180,IR
2181,IR
2182,Agents
2183,DB
2184,DB
2185,HCI
2186,IR
2187,DB
2188,IR
2189,HCI
2190,AI
2191,IR
2192,Agents
2193,DB
2194,HCI
2195,HCI
2196,ML
2197,Agents
2198,DB
2199,IR
2200,DB
2201,HCI
2202,Agents
2203,HCI
2204,DB
2205,DB
2206,DB
2207,AI
2208,DB
2209,Agents
2210,ML
2211,HCI
2212,DB
2213,Agents
2214,Agents
2215,DB
2216,ML
2217,ML
2218,HCI
2219,DB
2220,DB
2221,Agents
2222,ML
2223,Agents
2224,IR
2225,HCI
2226,Agents
2227,HCI
2228,ML
2229,Agents
2230,IR
2231,Agents
2232,DB
2233,ML
2234,ML
2235,DB
2236,DB
2237,DB
2238,ML
2239,DB
2240,Agents
2241,DB
2242,ML
2243,Agents
2244,IR
2245,DB
2246,HCI
2247,Agents
2248,HCI
2249,Agents
2250,IR
2251,Agents
2252,DB
2253,AI
2254,IR
2255,IR
2256,IR
2257,IR
2258,AI
2259,ML
2260,Agents
2261,HCI
2262,DB
2263,ML
2264,AI
2265,Agents
2266,DB
2267,DB
2268,IR
2269,ML
2270,DB
2271,DB
2272,DB
2273,DB
2274,IR
2275,IR
2276,HCI
2277,DB
2278,HCI
2279,Agents
2280,DB
2281,ML
2282,HCI
2283,IR
2284,IR
2285,ML
2286,HCI
2287,IR
2288,IR
2289,DB
2290,HCI
2291,IR
2292,DB
2293,DB
2294,HCI
2295,DB
2296,HCI
2297,DB
2298,ML
2299,DB
2300,IR
2301,HCI
2302,ML
2303,HCI
2304,IR
2305,ML
2306,DB
2307,DB
2308,DB
2309,Agents
2310,Agents
2311,HCI
2312,DB
2313,Agents
2314,Agents
2315,IR
2316,ML
2317,ML
2318,IR
2319,HCI
2320,ML
2321,Agents
2322,HCI
2323,HCI
2324,IR
2325,DB
2326,DB
2327,Agents
2328,ML
2329,IR
2330,ML
2331,HCI
2332,HCI
2333,AI
2334,DB
2335,IR
2336,IR
2337,Agents
2338,Agents
2339,Agents
2340,ML
2341,AI
2342,IR
2343,Agents
2344,IR
2345,IR
2346,Agents
2347,DB
2348,ML
2349,HCI
2350,AI
2351,HCI
2352,ML
2353,HCI
2354,ML
2355,Agents
2356,DB
2357,Agents
2358,Agents
2359,Agents
2360,DB
2361,AI
2362,ML
2363,HCI
2364,Agents
2365,HCI
2366,HCI
2367,IR
2368,DB
2369,Agents
2370,DB
2371,ML
2372,IR
2373,HCI
2374,Agents
2375,Agents
2376,HCI
2377,DB
2378,ML
2379,IR
2380,Agents
2381,DB
2382,DB
2383,DB
2384,ML
2385,DB
2386,IR
2387,DB
2388,ML
2389,ML
2390,Agents
2391,IR
2392,IR
2393,IR
2394,ML
2395,ML
2396,ML
2397,Agents
2398,Agents
2399,DB
2400,Agents
2401,Agents
2402,AI
2403,HCI
2404,HCI
2405,HCI
2406,AI
2407,HCI
2408,Agents
2409,Agents
2410,ML
2411,ML
2412,ML
2413,DB
2414,DB
2415,AI
2416,ML
2417,Agents
2418,ML
2419,IR
2420,Agents
2421,DB
2422,ML
2423,ML
2424,IR
2425,HCI
2426,HCI
2427,IR
2428,AI
2429,IR
2430,ML
2431,IR
2432,Agents
2433,IR
2434,AI
2435,DB
2436,DB
2437,IR
2438,DB
2439,DB
2440,IR
2441,ML
2442,DB
2443,ML
2444,ML
2445,ML
2446,IR
2447,Agents
2448,DB
2449,ML
2450,AI
2451,ML
2452,HCI
2453,DB
2454,IR
2455,IR
2456,HCI
2457,Agents
2458,DB
2459,IR
2460,DB
2461,AI
2462,HCI
2463,ML
2464,IR
2465,Agents
2466,ML
2467,DB
2468,IR
2469,ML
2470,Agents
2471,IR
2472,HCI
2473,HCI
2474,IR
2475,IR
2476,AI
2477,IR
2478,DB
2479,ML
2480,Agents
2481,DB
2482,ML
2483,HCI
2484,IR
2485,DB
2486,HCI
2487,DB
2488,DB
2489,ML
2490,IR
2491,ML
2492,ML
2493,HCI
2494,ML
2495,DB
2496,AI
2497,HCI
2498,IR
2499,DB
2500,DB
2501,DB
2502,DB
2503,IR
2504,HCI
2505,DB
2506,DB
2507,DB
2508,DB
2509,DB
2510,HCI
2511,HCI
2512,DB
2513,ML
2514,Agents
2515,Agents
2516,DB
2517,HCI
2518,DB
2519,HCI
2520,IR
2521,Agents
2522,IR
2523,ML
2524,DB
2525,DB
2526,HCI
2527,Agents
2528,ML
2529,HCI
2530,Agents
2531,Agents
2532,IR
2533,ML
2534,ML
2535,IR
2536,Agents
2537,Agents
2538,ML
2539,DB
2540,IR
2541,ML
2542,Agents
2543,HCI
2544,Agents
2545,IR
2546,Agents
2547,AI
2548,ML
2549,HCI
2550,DB
2551,DB
2552,AI
2553,Agents
2554,AI
2555,ML
2556,IR
2557,AI
2558,IR
2559,IR
2560,IR
2561,Agents
2562,HCI
2563,ML
2564,ML
2565,IR
2566,ML
2567,HCI
2568,Agents
2569,IR
2570,HCI
2571,ML
2572,ML
2573,ML
2574,HCI
2575,DB
2576,Agents
2577,AI
2578,DB
2579,ML
2580,IR
2581,ML
2582,DB
2583,DB
2584,AI
2585,DB
2586,IR
2587,AI
2588,DB
2589,IR
2590,HCI
2591,Agents
2592,DB
2593,Agents
2594,DB
2595,IR
2596,DB
2597,IR
2598,Agents
2599,IR
2600,DB
2601,IR
2602,Agents
2603,ML
2604,Agents
2605,AI
2606,DB
2607,ML
2608,IR
2609,IR
2610,IR
2611,Agents
2612,ML
2613,HCI
2614,ML
2615,DB
2616,IR
2617,HCI
2618,DB
2619,Agents
2620,ML
2621,DB
2622,IR
2623,DB
2624,IR
2625,ML
2626,Agents
2627,IR
2628,Agents
2629,Agents
2630,DB
2631,IR
2632,DB
2633,DB
2634,ML
2635,Agents
2636,ML
2637,DB
2638,HCI
2639,Agents
2640,HCI
2641,ML
2642,HCI
2643,Agents
2644,IR
2645,ML
2646,Agents
2647,IR
2648,DB
2649,HCI
2650,IR
2651,AI
2652,HCI
2653,HCI
2654,IR
2655,ML
2656,HCI
2657,DB
2658,IR
2659,Agents
2660,IR
2661,IR
2662,IR
2663,IR
2664,AI
2665,IR
2666,IR
2667,Agents
2668,AI
2669,Agents
2670,IR
2671,Agents
2672,HCI
2673,HCI
2674,AI
2675,IR
2676,ML
2677,DB
2678,DB
2679,HCI
2680,ML
2681,HCI
2682,IR
2683,IR
2684,HCI
2685,IR
2686,DB
2687,DB
2688,HCI
2689,IR
2690,IR
2691,DB
2692,Agents
2693,Agents
2694,ML
2695,AI
2696,Agents
2697,HCI
2698,DB
2699,IR
2700,IR
2701,IR
2702,Agents
2703,Agents
2704,Agents
2705,IR
2706,Agents
2707,Agents
2708,IR
2709,Agents
2710,Agents
2711,Agents
2712,IR
2713,IR
2714,DB
2715,Agents
2716,IR
2717,HCI
2718,DB
2719,DB
2720,IR
2721,DB
2722,ML
2723,DB
2724,DB
2725,DB
2726,HCI
2727,AI
2728,ML
2729,ML
2730,IR
2731,HCI
2732,AI
2733,ML
2734,ML
2735,HCI
2736,Agents
2737,Agents
2738,IR
2739,IR
2740,HCI
2741,HCI
2742,DB
2743,ML
2744,AI
2745,IR
2746,DB
2747,Agents
2748,DB
2749,IR
2750,ML
2751,ML
2752,ML
2753,Agents
2754,HCI
2755,AI
2756,HCI
2757,ML
2758,HCI
2759,ML
2760,DB
2761,IR
2762,ML
2763,HCI
2764,HCI
2765,IR
2766,ML
2767,AI
2768,ML
2769,DB
2770,DB
2771,IR
2772,IR
2773,Agents
2774,IR
2775,IR
2776,Agents
2777,IR
2778,ML
2779,IR
2780,IR
2781,IR
2782,AI
2783,HCI
2784,DB
2785,DB
2786,DB
2787,DB
2788,HCI
2789,DB
2790,IR
2791,HCI
2792,ML
2793,DB
2794,IR
2795,DB
2796,IR
2797,DB
2798,DB
2799,HCI
2800,ML
2801,HCI
2802,DB
2803,Agents
2804,IR
2805,AI
2806,DB
2807,IR
2808,IR
2809,HCI
2810,IR
2811,DB
2812,DB
2813,Agents
2814,DB
2815,Agents
2816,IR
2817,IR
2818,DB
2819,Agents
2820,HCI
2821,DB
2822,IR
2823,ML
2824,ML
2825,Agents
2826,IR
2827,IR
2828,Agents
2829,DB
2830,IR
2831,Agents
2832,DB
2833,ML
2834,ML
2835,ML
2836,IR
2837,DB
2838,IR
2839,IR
2840,ML
2841,Agents
2842,DB
2843,Agents
2844,Agents
2845,IR
2846,Agents
2847,IR
2848,DB
2849,IR
2850,ML
2851,HCI
2852,ML
2853,Agents
2854,ML
2855,HCI
2856,HCI
2857,DB
2858,ML
2859,Agents
2860,ML
2861,Agents
2862,IR
2863,Agents
2864,IR
2865,DB
2866,IR
2867,IR
2868,AI
2869,HCI
2870,Agents
2871,ML
2872,IR
2873,DB
2874,Agents
2875,Agents
2876,DB
2877,Agents
2878,ML
2879,Agents
2880,DB
2881,ML
2882,ML
2883,AI
2884,DB
2885,DB
2886,AI
2887,ML
2888,DB
2889,ML
2890,ML
2891,IR
2892,Agents
2893,HCI
2894,Agents
2895,HCI
2896,HCI
2897,IR
2898,ML
2899,HCI
2900,DB
2901,DB
2902,Agents
2903,IR
2904,DB
2905,AI
2906,HCI
2907,IR
2908,Agents
2909,IR
2910,DB
2911,AI
2912,IR
2913,HCI
2914,ML
2915,IR
2916,HCI
2917,DB
2918,IR
2919,DB
2920,IR
2921,Agents
2922,Agents
2923,IR
2924,HCI
2925,ML
2926,Agents
2927,DB
2928,IR
2929,IR
2930,DB
2931,ML
2932,AI
2933,AI
2934,DB
2935,DB
2936,AI
2937,HCI
2938,HCI
2939,DB
2940,AI
2941,DB
2942,HCI
2943,DB
2944,Agents
2945,Agents
2946,HCI
2947,IR
2948,Agents
2949,ML
2950,Agents
2951,ML
2952,AI
2953,DB
2954,IR
2955,Agents
2956,DB
2957,IR
2958,DB
2959,HCI
2960,IR
2961,ML
2962,IR
2963,AI
2964,Agents
2965,ML
2966,DB
2967,ML
2968,IR
2969,Agents
2970,HCI
2971,IR
2972,Agents
2973,DB
2974,ML
2975,HCI
2976,AI
2977,DB
2978,DB
2979,DB
2980,ML
2981,DB
2982,Agents
2983,IR
2984,IR
2985,Agents
2986,ML
2987,HCI
2988,HCI
2989,IR
2990,DB
2991,Agents
2992,Agents
2993,DB
2994,Agents
2995,IR
2996,HCI
2997,ML
2998,Agents
2999,AI
3000,Agents
3001,Agents
3002,AI
3003,IR
3004,IR
3005,DB
3006,DB
3007,DB
3008,Agents
3009,Agents
3010,Agents
3011,Agents
3012,ML
3013,ML
3014,Agents
3015,ML
3016,IR
3017,AI
3018,Agents
3019,ML
3020,Agents
3021,AI
3022,Agents
3023,ML
3024,DB
3025,IR
3026,ML
3027,IR
3028,IR
3029,IR
3030,Agents
3031,IR
3032,Agents
3033,IR
3034,DB
3035,IR
3036,AI
3037,IR
3038,Agents
3039,IR
3040,DB
3041,ML
3042,HCI
3043,DB
3044,IR
3045,HCI
3046,DB
3047,IR
3048,IR
3049,HCI
3050,DB
3051,IR
3052,HCI
3053,ML
3054,ML
3055,DB
3056,AI
3057,Agents
3058,DB
3059,DB
3060,DB
3061,IR
3062,DB
3063,ML
3064,DB
3065,IR
3066,Agents
3067,AI
3068,DB
3069,DB
3070,ML
3071,Agents
3072,IR
3073,DB
3074,AI
3075,DB
3076,Agents
3077,IR
3078,IR
3079,DB
3080,HCI
3081,DB
3082,DB
3083,IR
3084,AI
3085,AI
3086,ML
3087,HCI
3088,HCI
3089,Agents
3090,IR
3091,Agents
3092,DB
3093,ML
3094,Agents
3095,HCI
3096,HCI
3097,DB
3098,IR
3099,IR
3100,DB
3101,IR
3102,IR
3103,HCI
3104,Agents
3105,DB
3106,IR
3107,IR
3108,Agents
3109,HCI
3110,ML
3111,ML
3112,Agents
3113,DB
3114,Agents
3115,IR
3116,ML
3117,IR
3118,DB
3119,IR
3120,Agents
3121,HCI
3122,AI
3123,DB
3124,DB
3125,IR
3126,DB
3127,AI
3128,Agents
3129,Agents
3130,AI
3131,IR
3132,Agents
3133,Agents
3134,ML
3135,DB
3136,Agents
3137,HCI
3138,DB
3139,IR
3140,IR
3141,DB
3142,DB
3143,Agents
3144,ML
3145,AI
3146,Agents
3147,ML
3148,HCI
3149,IR
3150,AI
3151,DB
3152,ML
3153,DB
3154,AI
3155,HCI
3156,Agents
3157,IR
3158,HCI
3159,HCI
3160,ML
3161,AI
3162,HCI
3163,DB
3164,DB
3165,AI
3166,AI
3167,Agents
3168,Agents
3169,Agents
3170,IR
3171,ML
3172,IR
3173,Agents
3174,Agents
3175,ML
3176,ML
3177,Agents
3178,ML
3179,Agents
3180,HCI
3181,DB
3182,IR
3183,DB
3184,DB
3185,HCI
